/Conv_Res_3/activate/Relu_output_0_Relu_filter_reordered,0x00000000,58ad35067cbd13456c2f497ae2a4def5,256
/Conv_Res_3/activate/Relu_output_0_Relu_bias_packed,0x00000100,32d1dfdf550d8f3c01630c49844a11a3,144
/Conv_Res_2/activate/Relu_output_0_Relu_bias_packed,0x00000190,ee2adef63940d5da2946e8d6f654560f,144
/Conv_Res_1/activate/Relu_output_0_Relu_filter_reordered,0x00000220,7057e6b09133c7eb30838bb4660adae8,1024
/Conv_7_1/activate/Relu_output_0_Relu_filter_reordered,0x00000620,c1c5ab318b3f5e4c349c75add4243db0,512
/Conv_24_4/activate/Relu_output_0_Relu_bias_packed,0x00000820,88edf0ed2fe6763cae12f44a3edb5f0f,288
/Conv_24_2/activate/Relu_output_0_Relu_bias_packed,0x00000940,803d4d4d3a3a0b0f2299ab42c0cdc272,288
/Conv_24_3/activate/Relu_output_0_Relu_bias_packed,0x00000a60,4c28b0abc475bbcb03598a0d9d7c7ddf,144
/Conv_24_1/activate/Relu_output_0_Relu_bias_packed,0x00000af0,dab799b51e61d0b41edd7a1971c25181,80
/Conv_12_3/activate/Relu_output_0_Relu_bias_packed,0x00000b40,d5bbb0a1e7440c29cf2357e58de84ac6,144
/Conv_24_2/activate/Relu_output_0_Relu_filter_reordered,0x00000bd0,c401ff617d3b51f38f97a8b109b74ca5,4608
/Conv_24_5/activate/Relu_output_0_Relu_filter_reordered,0x00001dd0,6d1444ff8461f484fea7d426ab69d107,512
/Conv_24_6/activate/Relu_output_0_Relu_filter_reordered,0x00001fd0,0015097979a800d5f15ddae8a829b4e1,4608
/Conv_Res_4/Conv_output_0_Conv_filter_reordered,0x000031d0,92397abe6e995279005c80a90b634690,192
/Conv_24_5/activate/Relu_output_0_Relu_bias_packed,0x00003290,03fdf73d60205f8b17e21865625c7bff,144
/Conv_12_4/activate/Relu_output_0_Relu_filter_reordered,0x00003320,2b51f2d4c403df91dbdb556f6f8da28d,4608
/Conv_24_1/activate/Relu_output_0_Relu_filter_reordered,0x00004520,f14fe6886458c54dce89a8b3d9da07dc,256
/Conv_24_6/activate/Relu_output_0_Relu_bias_packed,0x00004620,721af173924142687848d7d29767f992,288
/Conv_48/activate/Relu_output_0_Relu_filter_reordered,0x00004740,e94c9c757969f4c1aa66ff5129794d8d,2304
/Conv_96/activate/Relu_output_0_Relu_filter_reordered,0x00005040,47c82cdb61900efbadd89fb150947e0a,576
/Conv_48/activate/Relu_output_0_Relu_bias_packed,0x00005280,bed9587e17636e92f3436169b1ff925f,80
/Conv_12_1/activate/Relu_output_0_Relu_bias_packed,0x000052d0,5df734e5405100551c10dba3620f6f57,144
/Conv_Res_4/Conv_output_0_Conv_bias_packed,0x00005360,380b114960a9035065be45daa21ce74a,108
/Conv_96/activate/Relu_output_0_Relu_bias_packed,0x000053d0,a130315ae0a28d1659f07b0ea5ba60c1,80
/Conv_24_4/activate/Relu_output_0_Relu_filter_reordered,0x00005420,799b14e82f6f451cd7ad6c0b4aad99c8,4608
/Conv_12_1/activate/Relu_output_0_Relu_filter_reordered,0x00006620,caa14636d53e105d4d8f25c1a4a6c146,512
/Conv_Res_1/activate/Relu_output_0_Relu_bias_packed,0x00006820,f444018d5eb6c44bcec6d4a58083e8d8,288
/Conv_12_6/activate/Relu_output_0_Relu_bias_packed,0x00006940,9429a6c21c331a6aea9055de2c1cb2fc,288
/Conv_7_2/activate/Relu_output_0_Relu_filter_reordered,0x00006a60,e7b0b9bee3aa43e5d31553983837b6c8,4608
/Conv_12_2/activate/Relu_output_0_Relu_bias_packed,0x00007c60,800efa1caba744ec562474339fd3a57d,288
/Conv_Res_2/activate/Relu_output_0_Relu_filter_reordered,0x00007d80,cad3bf2c2bfdf1b3cdea78e91e6baf62,512
/Conv_24_3/activate/Relu_output_0_Relu_filter_reordered,0x00007f80,e96bd8416e4e243b4a4a785742c70e0b,512
/Conv_12_2/activate/Relu_output_0_Relu_filter_reordered,0x00008180,9db9af392b57b35c1a9a20e8626b05b6,4608
/Conv_12_3/activate/Relu_output_0_Relu_filter_reordered,0x00009380,f07ccfc1f04f41548c8946e436d98861,512
/Conv_7_2/activate/Relu_output_0_Relu_bias_packed,0x00009580,4260d39a87a45d048485c145f498dd01,288
/Conv_12_4/activate/Relu_output_0_Relu_bias_packed,0x000096a0,1593e4f1cc8c93a2e0837682ce7ef1f8,288
/Conv_12_5/activate/Relu_output_0_Relu_filter_reordered,0x000097c0,5a8057c2fa85672c1a54a5895ff7a2da,512
/Conv_12_5/activate/Relu_output_0_Relu_bias_packed,0x000099c0,c3f47eeb2819d077604a31e3d58880a7,144
/Conv_12_6/activate/Relu_output_0_Relu_filter_reordered,0x00009a50,2762f55d0e05e96807e75c45512b1173,4608
/Conv_7_1/activate/Relu_output_0_Relu_bias_packed,0x0000ac50,02c5eb5eff902a284e100737a0181813,144
