/conv14/Conv_output_0_Conv_filter_reordered,0x00000000,b9c26b484aee98c6660c2f8375b75ff7,12800
/conv14/Conv_output_0_Conv_bias_packed,0x00003200,a95a88cdb4709d0c59a6ea8a01f3386c,900
/conv12/activate/Relu_output_0_Relu_bias_packed,0x00003590,f75436a05331cda12afcbd18a9ec8748,1152
/conv12/activate/Relu_output_0_Relu_filter_reordered,0x00003a10,1aa64ff8f894f11f547108ed29a8a846,65536
/conv11/activate/Relu_output_0_Relu_filter_reordered,0x00013a10,ef5ab0c7fe66e093f6e0b1ba31dfc7dc,49152
/conv11/activate/Relu_output_0_Relu_bias_packed,0x0001fa10,d130494dfa9a1c52f50ffad108797e11,4608
/conv10/activate/Relu_output_0_Relu_filter_reordered,0x00020c10,cb5d6bdce80244040f3b4746884f6597,41472
/conv10/activate/Relu_output_0_Relu_bias_packed,0x0002ae10,a9d9afccddd032f901f5bd6149e65e2b,864
/conv13/activate/Relu_output_0_Relu_bias_packed,0x0002b170,8b88f5e15be3f3dc22537ce4298565c1,1152
/conv9/activate/Relu_output_0_Relu_filter_reordered,0x0002b5f0,340fad071d610a9cbd7d1d6d779d9603,20736
/conv9/activate/Relu_output_0_Relu_bias_packed,0x000306f0,d2735e9c6703c08d8eaa520deb443a43,432
/conv1/activate/Relu_output_0_Relu_bias_packed,0x000308a0,e117b0549fc274ea48245a2a7d3c99f0,144
/conv1/activate/Relu_output_0_Relu_filter_reordered,0x00030930,f7841a8d1e821f0d088d2e39310ba070,576
/conv5/activate/Relu_output_0_Relu_bias_packed,0x00030b70,494051c2f4e97a4ec57588954c916629,180
/conv2/activate/Relu_output_0_Relu_filter_reordered,0x00030c30,ac4111a14a28c5491ea20bdded5a284f,2880
/conv8/activate/Relu_output_0_Relu_bias_packed,0x00031770,959a9e5d2dea3056c666b8cf4999d4d9,432
/conv7/activate/Relu_output_0_Relu_filter_reordered,0x00031920,3f55c6a80c24e758519652725f44768e,7920
/conv3/activate/Relu_output_0_Relu_bias_packed,0x00033810,e5bd97e644db2038c3be041859caa550,180
/conv4/activate/Relu_output_0_Relu_bias_packed,0x000338d0,9f677f938cf6ea57c866d9aa90b6395a,180
/conv7/activate/Relu_output_0_Relu_bias_packed,0x00033990,a812fc53755035564a84542756a5f2d6,396
/conv2/activate/Relu_output_0_Relu_bias_packed,0x00033b20,566db3e84bdf491507d48055f2ffdd3f,180
/conv3/activate/Relu_output_0_Relu_filter_reordered,0x00033be0,a38584e9cf301d48fe5704beb3bab5b6,3600
/conv4/activate/Relu_output_0_Relu_filter_reordered,0x000349f0,d78e5bac1fc2cf2d5e41be8d6c6ce8c6,3600
/conv13/activate/Relu_output_0_Relu_filter_reordered,0x00035800,c2136515f01f4100c28371aa8ecd3620,147456
/conv5/activate/Relu_output_0_Relu_filter_reordered,0x00059800,70bba094bbc4fb58f040cec51ddc86ac,3600
/conv8/activate/Relu_output_0_Relu_filter_reordered,0x0005a610,1baee6f6f3c46c240aa820bb93092c6c,19008
/conv6/activate/Relu_output_0_Relu_bias_packed,0x0005f050,e87620ffc6c8a44783d5938162749155,180
/conv6/activate/Relu_output_0_Relu_filter_reordered,0x0005f110,103e4915ea58fd777bffc44302c912c0,3600
