/conv14/Conv_output_0_Conv_filter_reordered,0x00000000,f2e8f9269c0af7f40677863e427caf50,12800
/conv14/Conv_output_0_Conv_bias_packed,0x00003200,3fb990a462b6af7d8b0949e605a89e69,900
/conv13/activate/Relu_output_0_Relu_filter_reordered,0x00003590,b5485ece8e7cb87df5c7629d6d424410,147456
/conv12/activate/Relu_output_0_Relu_filter_reordered,0x00027590,e5ab7b6ee4c64db0e84c5a33252394db,65536
/conv13/activate/Relu_output_0_Relu_bias_packed,0x00037590,6969574789c36cc73b60cb5af02dec55,1152
/conv11/activate/Relu_output_0_Relu_filter_reordered,0x00037a10,6c6cf461e8ae0c9b8c7311a8336d5811,49152
/conv11/activate/Relu_output_0_Relu_bias_packed,0x00043a10,92bc9f57edd55fbcf184ef41a9d36dc0,4608
/conv9/activate/Relu_output_0_Relu_filter_reordered,0x00044c10,574ae5eeedf7053e50c82942d8fcaadf,20736
/conv10/activate/Relu_output_0_Relu_filter_reordered,0x00049d10,efef1a41c41cba438a978b2d67323d99,41472
/conv10/activate/Relu_output_0_Relu_bias_packed,0x00053f10,4a301bb384dbff5ffdbc272e00cd6df6,864
/conv8/activate/Relu_output_0_Relu_filter_reordered,0x00054270,69f4614fb5edeb3d35a1b6999b3d4916,19008
/conv9/activate/Relu_output_0_Relu_bias_packed,0x00058cb0,0f635560343689868d06f6083c5a7c1d,432
/conv4/activate/Relu_output_0_Relu_filter_reordered,0x00058e60,4fa5a28d72a158e2ac9eeda3cf2befc2,3600
/conv1/activate/Relu_output_0_Relu_filter_reordered,0x00059c70,ee76a2d2225e0c4b98b430deafa86f10,576
/conv12/activate/Relu_output_0_Relu_bias_packed,0x00059eb0,66c1d97607297a9cccca5668d5bf887c,1152
/conv6/activate/Relu_output_0_Relu_bias_packed,0x0005a330,f995fdfdf33cf48c84c0accddcaf2526,180
/conv2/activate/Relu_output_0_Relu_bias_packed,0x0005a3f0,ed7b168bc1f2d005c3e0a451596ba77a,180
/conv7/activate/Relu_output_0_Relu_filter_reordered,0x0005a4b0,1dc31d36da56b11280ad2dea37e16cd8,7920
/conv3/activate/Relu_output_0_Relu_filter_reordered,0x0005c3a0,75e01792db2b42f9ebf6e52c6caeb9f6,3600
/conv1/activate/Relu_output_0_Relu_bias_packed,0x0005d1b0,d70a3687cfc52e3b6f052dae4f1a2a76,144
/conv2/activate/Relu_output_0_Relu_filter_reordered,0x0005d240,2426d1d33349f1000d336715d1fda513,2880
/conv3/activate/Relu_output_0_Relu_bias_packed,0x0005dd80,63c03a8e3a9a94073e829ea56ad29b88,180
/conv6/activate/Relu_output_0_Relu_filter_reordered,0x0005de40,3087738920b3eda691fb716d23935d37,3600
/conv5/activate/Relu_output_0_Relu_filter_reordered,0x0005ec50,87ac0c307cef586f476e1b1b3a8ae499,3600
/conv8/activate/Relu_output_0_Relu_bias_packed,0x0005fa60,bcf4c2289648875fd56853ea6568db8d,432
/conv5/activate/Relu_output_0_Relu_bias_packed,0x0005fc10,8ca67a9915c40645363690b3c111100d,180
/conv4/activate/Relu_output_0_Relu_bias_packed,0x0005fcd0,b857860c92eef8e33a77f24f860f4218,180
/conv7/activate/Relu_output_0_Relu_bias_packed,0x0005fd90,36ef8f88a999396435c23b0cccbf262c,396
