/conv/Conv_output_0_Conv_bias_packed,0x00000000,01765af14955d4caf5a2ec2efd004641,9
/dec1/activate/Relu_output_0_Relu_filter_reordered,0x00000010,19073034a6afe03ac7c3775e7309cca7,1152
/upconv1/activate/Relu_output_0_Relu_filter_reordered,0x00000490,e7e3ac8879065d6267242948fb2ad036,288
/dec2/activate/Relu_output_0_Relu_filter_reordered,0x000005b0,fe27ad451c32d2d60c1d5a1a1f4f246e,1152
/dec2/activate/Relu_output_0_Relu_bias_packed,0x00000a30,a4be13b1f956499a42e032c1653cd2bd,72
/upconv2/activate/Relu_output_0_Relu_bias_packed,0x00000a80,8d392b87241961152501718363b5b18d,72
/Resize_1_output_0_Resize_filter_reordered,0x00000ad0,ccc21cf32b237215d375c2e3749e4155,512
/Resize_1_output_0_Resize_bias_packed,0x00000cd0,ef7b8e2020e0368bd26ba3228995d0d8,160
/Resize_2_output_0_Resize_filter_reordered,0x00000d70,cc34c91082dd6619b1813fe866e536a5,128
/enc1/activate/Relu_output_0_Relu_bias_packed,0x00000df0,8f9bd5b6cc8a61015d8064a0c1ca7ad8,36
/Resize_output_0_Resize_bias_packed,0x00000e20,90cf6b2f279949d04c22caaad6a9155a,320
/upconv3/activate/Relu_output_0_Relu_bias_packed,0x00000f60,e5f3821e8edf6d83a6b7e6d17fec4f8d,288
/upconv1/activate/Relu_output_0_Relu_bias_packed,0x00001080,b40737ce0d0a62e27db04ecbc29e948f,36
/upconv2/activate/Relu_output_0_Relu_filter_reordered,0x000010b0,822b69869d1801d28c60dd5725dc3085,2304
/enc1/activate/Relu_output_0_Relu_filter_reordered,0x000019b0,d3ca3d50517d0c1d9798077af68ab40d,144
/conv/Conv_output_0_Conv_filter_reordered,0x00001a40,a9572f1cb32de4d2d8854198dcaa04b1,16
/enc2/activate/Relu_output_0_Relu_bias_packed,0x00001a50,94bf8fe2bf45649df0fa200ab50a4c3f,72
/bneck/activate/Relu_output_0_Relu_bias_packed,0x00001aa0,74ef8f326bf8c79346dddc9957780c46,576
/bneck/activate/Relu_output_0_Relu_filter_reordered,0x00001ce0,4a8c5a293b55d630801fb98222a9eba8,18432
/dec3/activate/Relu_output_0_Relu_filter_reordered,0x000064e0,e85c8817828e11c3a21bdce2931c9020,18432
/enc3/activate/Relu_output_0_Relu_bias_packed,0x0000ace0,ae560177f08f33c598ee90629ac62b04,288
/Resize_2_output_0_Resize_bias_packed,0x0000ae00,aca34730cfbe40c20704d28c6ce28424,40
/enc3/activate/Relu_output_0_Relu_filter_reordered,0x0000ae30,f21317947541daf75761ae419734ded5,2304
/enc2/activate/Relu_output_0_Relu_filter_reordered,0x0000b730,5a0dd8fb0ec3ffd92311d254acfa2d22,288
/Resize_output_0_Resize_filter_reordered,0x0000b850,3fadb7306685fecaebde6c788b8417ea,1024
/dec1/activate/Relu_output_0_Relu_bias_packed,0x0000bc50,4a452248df21433b090a523f94035c03,144
/upconv3/activate/Relu_output_0_Relu_filter_reordered,0x0000bce0,a5c09eabc48902e0cc74b38c0b42305a,18432
/dec3/activate/Relu_output_0_Relu_bias_packed,0x000104e0,495a1f6ed96ce25e108883bddc162b3e,288
